Wavelength,0,10,20,30,40,60
200.0,0.0,0.0,0.05603923049167502,0.0549173213519744,0.0,0.0
201.0,0.0,0.0,0.0,0.0042817073309357155,0.11119998413816452,0.0
202.0,0.0,0.014680326865335476,0.026811439881576072,0.062302955501840195,0.08912460297255496,0.0
203.0,0.0,0.0024877501868549924,0.07334407292830895,0.0,0.02682659796742742,0.12879721800154817
204.0,0.0,0.0,0.014786208093926775,0.0,0.0,0.0
205.0,0.0,0.0174575008792492,0.032202706146677876,0.0,0.005865172843663334,0.0
206.0,0.0,0.0037438918557250616,0.06697753554746635,0.0,0.04978752679547349,0.0
207.0,0.0,0.0,0.0,0.0,0.0,0.0
208.0,0.0,0.0,0.0,0.0,0.03397343278853317,0.069578211356855
209.0,0.0,0.0064276188799270925,0.0060611629532646575,0.06187470580695392,0.0,0.11288980244341183
210.0,0.0,0.0,0.0,0.12423694107317407,0.02632036804343762,0.0
211.0,0.0,0.025794045700768528,0.0,0.0,0.051208101793029134,0.0
212.0,0.0,0.0,0.0,0.06526324224035217,0.07429023710849743,0.1741274951723924
213.0,0.0,0.0,0.0,0.0,0.04566810912844956,0.08678217346347372
214.0,0.0,0.0006323357372544245,0.0,0.0,0.003087014167218156,0.0
215.0,0.0,0.022064709498784668,0.0,0.04812127593280415,0.13268593219652536,0.06376952102991792
216.0,0.0,0.00556565879667728,0.03311262547444555,0.07722536876163437,0.0,0.0
217.0,0.0,0.0,0.0,0.0025968463092203515,0.017371450894272274,0.09139903620062263
218.0,0.0,0.0,0.020003126751586064,0.09236050043649836,0.0620733383508535,0.08232786029416286
219.0,0.0,0.0,0.0,0.0,0.0,0.0
220.0,0.0,0.013000167038975349,0.0,0.07558655222244676,0.0,0.014945225883786993
221.0,0.0,0.0,0.0,0.06640063077459862,0.017573708746281242,0.03720763721447285
222.0,0.0,0.0,0.0,0.0,0.0,0.0
223.0,0.0,0.0,0.012538867871307972,0.0,0.03349306203710203,0.1951104424775499
224.0,0.0,0.0,0.005315396610335684,0.07800769544361556,0.0689049095735479,0.0
225.0,0.0,0.029303568076557446,0.0,0.0008248481334410987,0.07092484137302617,0.0
226.0,0.0,0.0,0.030459561508086958,0.010564612600564656,0.027185012529221453,0.13497331609509128
227.0,0.0,0.0,0.0,0.016925057948528024,0.0012056170324960015,0.0
228.0,0.0,0.0,0.02585024061048748,0.0,0.02133975499909493,0.0
229.0,0.0,0.0,0.01607753627316558,0.0,0.0,0.15467560514159462
230.0,0.0,0.0,0.05160038969807812,0.022106279570056068,0.006709868064786495,0.0
231.0,0.0,0.007598023390771481,0.0,0.0,0.10628694707633655,0.0
232.0,0.0,0.0035989231027706865,0.0,0.0,0.03952581557195119,0.04383252919782425
233.0,0.0,0.0,0.024670785055662316,0.0,0.07087082599131006,0.0
234.0,0.0,0.006340633252249116,0.0,0.0,0.1744057673822965,0.1790117327388524
235.0,0.0,0.0,0.010398129939857843,0.0,0.0,0.0637894167775627
236.0,0.0,0.0009551347058673503,0.05150740980148625,0.019015420645387617,0.0,0.0
237.0,0.0,0.0033983359545057016,0.0380132901253902,0.0,0.00048088996012072833,0.0
238.0,0.0,0.03549021686059146,0.0,0.0,0.14165834170582853,0.029243387763628247
239.0,0.0,0.0,0.01897397009125913,0.032520380499423324,0.05360401512267275,0.04483820238420102
240.0,0.0,0.0,0.0,0.04441191666207015,0.0,0.0
241.0,0.0,0.0,0.0,0.0,0.0,0.0
242.0,0.0,0.02424517431464986,0.0,0.07303405645745378,0.0,0.0
243.0,0.0,0.0,0.0,0.0,0.1310971289499754,0.26145391420653913
244.0,0.0,0.0,0.00755903328852405,0.0,0.0,0.21434003689729586
245.0,0.0,0.0,0.006985154964305958,0.020602800725498683,0.05296469526702272,0.0
246.0,0.0,0.0,0.006336894158439831,0.0,0.01056403955008155,0.02003556312078825
247.0,0.0,0.0,0.0,0.0,0.02606899441821916,0.0
248.0,0.0,0.04921892465597208,0.0,0.0,0.008485674535027396,0.0
249.0,0.0,0.006507839480414901,0.0,0.01945696386635462,0.0,0.12990106232938645
250.0,0.0,0.0,0.08129294467802606,0.0,0.04247055904026464,0.0
251.0,0.0,0.03519002400924363,0.0,0.02158484650334156,0.0,0.032503092925796354
252.0,0.0,0.00169963931647415,0.0,0.07252268325825995,0.11342588719322132,0.0
253.0,0.0,0.0,0.014127823591611945,0.10240333919649294,0.08462265785102006,0.15863179139599937
254.0,0.0,0.016349922231034247,0.0,0.008022426538548483,0.0,0.0
255.0,0.0,0.030719687169284637,0.0013052223900190524,0.050313379876433494,0.13731310864179372,0.0
256.0,0.0,0.0,0.0,0.021001202576210062,0.0,0.1975767792878012
257.0,0.0,0.00678830725482443,0.0,0.0,0.0,0.13574446038240365
258.0,0.0,0.03154318628425051,0.0,0.0,0.05184385033594118,0.0
259.0,0.0,0.0,0.0,0.0,0.014292479959436073,0.0
260.0,0.0,0.006980668924269153,0.0009745288214665274,0.0054337354293432305,0.13405346391210993,0.15708635344031854
261.0,0.0,0.016197941742017708,0.011332371223816754,0.0,0.0,0.11714822083590179
262.0,0.0,0.008825886293797476,0.056804278740448536,0.011880668560075518,0.0,0.05872505208064189
263.0,0.0,0.034049633244474665,0.0,0.0,0.0,0.0
264.0,0.0,0.018667795474319036,0.0036031598553470153,0.02723936616429977,0.0,0.0
265.0,0.0,0.002058571658547851,0.02826473154794894,0.0,0.058614468124090095,0.18413126359618073
266.0,0.0,0.013040523461314086,0.027508364568362618,0.0,0.06535398300301887,0.0
267.0,0.0,0.0,0.013775270297806523,0.018262665912565628,0.0,0.03359509356752059
268.0,0.0,0.0,0.005262399074629526,0.0,0.0,0.015689269000493583
269.0,0.0,0.0014600621819483176,0.01761998587567959,0.0,0.06511334980102552,0.0
270.0,0.0,0.0074665299122294295,0.07923332064096482,0.06673482046191276,0.02637105633504991,0.05077236013456266
271.0,0.0,0.0,0.01439636685102935,0.0,0.06999277833672579,0.035291776738677366
272.0,0.0,0.0,0.00719953279885486,0.0,0.0,0.0
273.0,0.0,0.0,0.022807651391878774,0.06602261390608795,0.0,0.0
274.0,0.0,0.0,0.0,0.046533698316321884,0.04443335949237801,0.0
275.0,0.0,0.015886106930108206,0.0007467769668743763,0.0,0.0,0.0
276.0,0.0,0.0,0.0,0.0,0.0,0.011080246153304414
277.0,0.0,0.0,0.0,0.00531089152928835,0.09890090572143256,0.07310125672563624
278.0,0.0,0.0,0.0,0.11031542451371325,0.07101780101296151,0.20338801502995876
279.0,0.0,0.01154361548132971,0.02364407070566866,0.0,0.17406318659088194,0.0
280.0,0.0,0.0001530625050267031,0.017277743324817442,0.0,0.011813386672448866,0.0
281.0,0.0,0.0,0.0,0.12931011715639268,0.15237620304191307,0.01594796088749352
282.0,0.0,0.008036244330175114,0.0,0.0,0.0,0.0
283.0,0.0,0.0,0.0,0.0,0.0,0.0
284.0,0.0,0.04731712285524375,0.0,0.022871720373161125,0.02954969390680728,0.09165357464801638
285.0,0.0,0.022642111945732134,0.026355363162400208,0.0,0.0,0.0
286.0,0.0,0.003649379523482874,0.0,0.035607570602735145,0.0,0.08621960046050306
287.0,0.0,0.0,0.0,0.0,0.0,0.0
288.0,0.0,0.013685607802137534,0.02820243831022886,0.08846228546311043,0.13963947872835286,0.0
289.0,0.0,0.0,0.0405057442981542,0.037038008814871,0.13259798023930594,0.0
290.0,0.0,0.01525930916502385,0.0,0.0,0.0,0.18179229174330774
291.0,0.0,0.0,0.0,0.006580350297896937,0.08196582714469035,0.0
292.0,0.0,0.00875148438759954,0.0,0.0,0.06532627106414865,0.08054281503295939
293.0,0.0,0.0,0.0,0.0,0.024587356380134,0.04812385675846706
294.0,0.0,0.040278331099166495,0.021049883567507383,0.02674696114039542,0.07368514001414171,0.0
295.0,0.0,0.0,0.0015508171495952816,0.12394947117488792,0.006332767579771257,0.08066831291781544
296.0,0.0,0.0,0.006654973781479972,0.043357602114477437,0.037709297154662334,0.0
297.0,0.0,0.0,0.0,0.0,0.0,0.0
298.0,0.0,0.022299697201759457,0.0,0.0,0.0,0.36236106595266226
299.0,0.0,0.008861787217786864,0.0,0.0,0.0,0.0
300.0,0.0,0.0,0.0,0.0,0.0048435360827406146,0.0
301.0,0.0,0.004676371613953867,0.0,0.0,0.03477010760448351,0.09897195516504831
302.0,0.0,0.0,0.03617104492041118,0.0,0.0,0.17656397168968255
303.0,0.0,0.0,0.0162334888756217,0.0,0.0006221100704509597,0.0
304.0,0.0,0.0,0.01877818879132827,0.0,0.0,0.0
305.0,0.0,0.0,0.05645074729787212,0.0,0.0,0.0
306.0,0.0,0.04088035343646103,0.0,0.0,0.0,0.021722121876426647
307.0,0.0,0.0008436309420405189,0.04139420019078281,0.0,0.00045898053213123654,0.0
308.0,0.0,0.0,0.004732291208645649,0.0,0.0,0.14385211565411973
309.0,0.0,0.0,0.0,0.0,0.0,0.0
310.0,0.0,0.0,0.0,0.05513489941868384,0.0,0.0
311.0,0.0,0.0,0.0,0.13412895485521475,0.0,0.0
312.0,0.0,0.0,0.010782836319033269,0.01416761677456501,0.1470774553693218,0.12245259704855933
313.0,0.0,0.01174804086199556,0.043388252732619294,0.0764668112987563,0.05290999952313323,0.018218820218730298
314.0,0.0,0.022727901298971353,0.027256364434690986,0.0,0.014169712551758959,0.0
315.0,0.0,0.026886756198920125,0.0,0.0,0.0,0.10507633701046429
316.0,0.0,0.0,0.0,0.01330101066250284,0.0,0.0
317.0,0.0,0.011510116929512922,0.022540736499086545,0.0,0.1818494749408075,0.0
318.0,0.0,0.0,0.09812143066775392,0.022275565894270218,0.003980917287963574,0.03891973795226777
319.0,0.0,0.005008030329071312,0.03296280682002694,0.004688662510384699,0.0,0.3287238943180301
320.0,0.0,0.006510688212025435,0.010243647396801198,0.0025365249498461185,0.11314321748215159,0.0
321.0,0.0,0.01442922420472657,0.04038869960152525,0.0,0.0,0.0
322.0,0.0,0.0,0.0,0.0,0.0,0.0
323.0,0.0,0.02632051883455687,0.009868774201953503,0.0041355277078255065,0.017104606514524473,0.17253902184138212
324.0,0.0,0.011355537836427405,0.0,0.06862136780643141,0.0,0.1317539974032277
325.0,0.0,0.0,0.0,0.038865330558930586,0.09921569856037324,0.21184483805221094
326.0,0.0,0.012522504853741626,0.0,0.0,0.0,0.05214657657422359
327.0,0.0,0.0,0.022811535105952407,0.03566516474026499,0.004982376414405506,0.0
328.0,0.0,0.0,0.008238704199958619,0.0,0.05971533279975748,0.11640170057118947
329.0,0.0,0.0,0.013755071097260384,0.07632197630353188,0.042701904889092396,0.16751548995818843
330.0,0.0,0.03304566040189271,0.00829557395058478,0.0,0.047023951656708106,0.0
331.0,0.0,0.005589052797190396,0.0,0.006480374734173596,0.0,0.00351204699602725
332.0,0.0,0.0,0.010379695638555075,0.0,0.0,0.1823846637073105
333.0,0.0,0.0,0.0,0.04848697405323915,0.0,0.0967936660827225
334.0,0.0,0.03404283500124467,0.046455745699182635,0.0044622844911167536,0.028193295451594907,0.0
335.0,0.0,0.0356987090042546,0.06767656714071164,0.05298433382827627,0.0,0.0
336.0,0.0,0.024193482228474048,0.016154162442116614,0.0,0.0,0.0
337.0,0.0,0.0,0.0,0.08522555264634582,0.0,0.0
338.0,0.0,0.0,0.07473577868013495,0.07721841766407134,0.1537544622978105,0.07243440588653277
339.0,0.0,0.03616642747696274,0.02742143141000883,0.0,0.052108375633084146,0.0
340.0,0.0,0.0,0.0,0.0,0.0,0.1123943702695338
341.0,0.0,0.0,0.0,0.09915160161004193,0.07943794243599647,0.10040998385201254
342.0,0.0,0.0,0.016272935889845595,0.006840722094836245,0.0,0.18249613848007268
343.0,0.0,0.03044250497365464,0.0,0.0651658937848325,0.0,0.18414389397197278
344.0,0.0,0.010998883214405192,0.03778507082523255,0.018489293215124436,0.08163602057816628,0.11588763686911553
345.0,0.0,0.02751508864472662,0.009411085211612776,0.08383580944615286,0.0,0.0799478954998187
346.0,0.0,0.0,0.007980126142030471,0.02584462493691874,0.0,0.13747468315584166
347.0,0.0,0.0,0.0,0.0,0.03815338088871001,0.17516202741285203
348.0,0.0,0.03715360475420584,0.01764773798102878,0.0,0.0,0.16431889887782247
349.0,0.0,0.0,0.0,0.0244474433749255,0.0,0.15139892193942603
350.0,0.0,0.0,0.060622010226966304,0.023612126291560512,0.03692113147668813,0.0
351.0,0.0,0.027394180043999208,0.057275238665798346,0.0,0.025481648565498432,0.08944341094101388
352.0,0.0,0.01672623241146119,0.03007773408044092,0.13223740970480224,0.03193826817805145,0.1472728052302248
353.0,0.0,0.0,0.006555477512099357,0.009531198775460945,0.05856154871383307,0.1096729139095764
354.0,0.0,0.012860902330460812,0.03979036922269069,0.0,0.009438891557500842,0.08543845064462686
355.0,0.0,0.0199356588094821,0.07617671705503899,0.005231918736489765,0.0,0.06638354977209579
356.0,0.0,0.023516693129195073,0.0010192007035248751,0.0,0.0,0.0
357.0,0.0,0.0,0.03666657913255508,0.0,0.0,0.3473854667756137
358.0,0.0,0.0,0.09022195668588903,0.09562812405383747,0.0,0.0
359.0,0.0,0.0,0.0,0.03913815429589551,0.13958992451702015,0.0
360.0,0.0,0.020399970474483185,0.0,0.17131390724655446,0.09988337116199242,0.0
361.0,0.0,0.019036287671198023,0.0,0.020082618771442344,0.0,0.19064337222118616
362.0,0.0,0.0393709456110883,0.006822559506169459,0.0,0.014130074959029328,0.0
363.0,0.0,0.014395879327834612,0.045775905108693664,0.007898608459455787,0.0,0.04353168436436307
364.0,0.0,0.047762642153936156,0.0,0.0016721119316135784,0.15812874783960645,0.189198262341129
365.0,0.0,0.0,0.0,0.05098685003479157,0.2508575364057593,0.25106631772471477
366.0,0.0,0.0,0.0676378707194036,0.23357620017091466,0.0,0.24356720833328682
367.0,0.0,0.0,0.03907619192284183,0.0,0.09278609123655246,0.01913185116493278
368.0,0.0,0.018577554433422183,0.046184187353416284,0.037959667516461446,0.0,0.0
369.0,0.0,0.0,0.039117320906544475,0.05225867879363002,0.0,0.0
370.0,0.0,0.0,0.04085447568500725,0.049814191030002314,0.005011121462308352,0.022192029370011565
371.0,0.0,0.0053455218446936655,0.08287746242703706,0.0,0.0736458333740227,0.23913678566716562
372.0,0.0,0.04376534788707593,0.011727625114364698,0.0,0.0,0.11869356713695611
373.0,0.0,0.02354184583639928,0.01660018175690356,0.03931103937455889,0.0,0.04908775714649953
374.0,0.0,0.02959828295202395,0.025975893125999,0.04237805178363401,0.12125189912992013,0.0
375.0,0.0,0.0032624626081594298,0.045388437098230414,0.045131845802947296,0.08160396994670721,0.1576809403390576
376.0,0.0,0.0034132652382694306,0.018469811932674635,0.0833129158373915,0.07854937219106709,0.11098541292608526
377.0,0.0,0.0294562327413825,0.022866880580226998,0.0,0.1537499801523991,0.1222093798704394
378.0,0.0,0.0,0.0877850647735699,0.07972251120227752,0.09801799935891518,0.0
379.0,0.0,0.0,0.040696272366400395,0.038634323544359535,0.13491687800978033,0.06404903508973639
380.0,0.0,0.02215138047196228,0.021053835969863356,0.0,0.0,0.03077009982875624
381.0,0.0,0.012755990086075874,0.04657632374979727,0.0,0.12762689163521918,0.0
382.0,0.0,0.023734090169345648,0.023372108377597366,0.113211543612847,0.01939044117392634,0.03020999613562582
383.0,0.0,0.0052618965469706114,0.01857940570128703,0.11990370500433925,0.0,0.05736253720363283
384.0,0.0,0.009868831175763199,0.0,0.03274329927191635,0.09227127730738224,0.20386079795235382
385.0,0.0,0.026558891002389923,0.048984999841522436,0.0,0.16898801888701326,0.03845080509428689
386.0,0.0,0.03416855342587263,0.0,0.017242762308015615,0.04924685594386443,0.03854860046124977
387.0,0.0,0.04876969423802917,0.0038764163461340213,0.0,0.14519864953068917,0.08804699485571058
388.0,0.0,0.007487632517368186,0.059230672142982235,0.00499678348141417,0.0,0.23670169303055688
389.0,0.0,0.019814005257752367,0.05882080957419516,0.10911072122962803,0.09611775553980331,0.040962796826860895
390.0,0.0,0.028344681195677367,0.07634653367834676,0.20582912048216795,0.20396657243059313,0.2163940059098089
391.0,0.0,0.005680472791691135,0.10002715069858,0.11284495572403344,0.1363890818497721,0.29201230521533944
392.0,0.0,0.00046820593463157284,0.0,0.016077123988110155,0.17210170872044356,0.05709180299725868
393.0,0.0,0.04544337611863214,0.0430969933476304,0.04833788569527183,0.0,0.22888127573601433
394.0,0.0,0.02421159817590133,0.041119694313374505,0.09534387919835632,0.17452018151211462,0.06514716098758688
395.0,0.0,0.016935519893004444,0.0,0.0988678296948855,0.14502633367396295,0.36255341159478416
396.0,0.0,0.026684554381122737,0.013903569014903902,0.11348992683188233,0.0438590596724235,0.0
397.0,0.0,0.0534732263941525,0.04416561286641033,0.06663852551778345,0.25087354883569984,0.27925509539789284
398.0,0.0,0.018966100223596096,0.12055217749190408,0.0,0.0,0.14677034483965393
399.0,0.0,0.053605654941636285,0.00696238194948693,0.11797545922970991,0.15704106779252586,0.22317764282760866
400.0,0.0,0.010153215194970477,0.012670159481932175,0.128955627137965,0.19938090154807964,0.19389077324144746
401.0,0.0,0.0,0.07369838617728239,0.08974770912678341,0.12222651792311341,0.03576949629453252
402.0,0.0,0.05674959587507525,0.06303619949418365,0.08930192269342642,0.13899323736519048,0.09639735208159995
403.0,0.0,0.024167502063406412,0.141416028680289,0.06027755454151022,0.20407256913224292,0.08794638572323221
404.0,0.0,0.021619147782102686,0.07316741512048588,0.0,0.1445896652388146,0.14310262687393846
405.0,0.0,0.03394437298052779,0.01238164710376364,0.13024928852245402,0.02570801000222836,0.10934970469305633
406.0,0.0,0.04232170987304783,0.12345798538218672,0.131087291352944,0.09495259934661854,0.0
407.0,0.0,0.03232880446157997,0.049076072033673306,0.07552607244845401,0.006823954743962787,0.09735848649836631
408.0,0.0,0.01823677370781449,0.0740312965653367,0.14779501414664964,0.05600907917965011,0.29833618849668997
409.0,0.0,0.06481804794316237,0.15326908893374175,0.06920137856427702,0.11051564565393401,0.20139552724871101
410.0,0.0,0.07322401278236775,0.021150555559379655,0.05802553334106916,0.11318575915626959,0.3524263008043347
411.0,0.0,0.06921648593204023,0.02357146272353821,0.14113373383751096,0.15840138175043014,0.22789947037770666
412.0,0.0,0.0150803909931009,0.03418046540826673,0.0,0.06579195839529814,0.15873574903109178
413.0,0.0,0.07320508321436639,0.10889036372425771,0.15939549196766062,0.14478869386693954,0.268674720413447
414.0,0.0,0.01754697956081799,0.10866922964178681,0.1623452498588781,0.12032931977452334,0.01852341383627501
415.0,0.0,0.03236742477086255,0.021747691858109763,0.14377008211648762,0.24701305868956946,0.20413170796683594
416.0,0.0,0.05658811627354932,0.04562850900097622,0.11334460651826968,0.27721205621084255,0.35197567804960184
417.0,0.0,0.04229745221581846,0.06388698821235017,0.1556443542590828,0.2347327435245683,0.06746151741869433
418.0,0.0,0.03770484370780531,0.033935761953220046,0.08798113889043026,0.22871695317123442,0.16892817818366382
419.0,0.0,0.06010725099408253,0.09030947722203654,0.08958840865322798,0.16019105704598652,0.011296839745802673
420.0,0.0,0.010365564399989896,0.06690029052641167,0.1026780629839677,0.003423845161839578,0.14719025607657327
421.0,0.0,0.01273059838036017,0.10473251787120469,0.07771083159832434,0.14253200348287146,0.3936596034935126
422.0,0.0,0.06956053162530779,0.009789835304690575,0.0,0.24069386317138564,0.206415787606869
423.0,0.0,0.057787513081661884,0.06766717473376138,0.03441765475861536,0.21285105761921647,0.16065617714155886
424.0,0.0,0.05444757616106693,0.08848234706448124,0.13556097419456772,0.24423832937903978,0.24744815544142743
425.0,0.0,0.012879880961873563,0.046703238807149605,0.1401946296921397,0.11169542026680884,0.14571000217267477
426.0,0.0,0.07260769346051907,0.0574967530212576,0.0,0.13226774529621882,0.26441209345396993
427.0,0.0,0.0,0.13012508524690303,0.1338856827224636,0.19054388988904622,0.48522801443913677
428.0,0.0,0.06053216896458326,0.1364029973541551,0.022142088557879733,0.20030760501811087,0.20320587529001913
429.0,0.0,0.035976046680530734,0.16997112517103447,0.2268213819013536,0.18007703714553347,0.26739264796570883
430.0,0.0,0.053168345402133055,0.08473522253118129,0.12047065395310785,0.009915135425780458,0.26615663020019664
431.0,0.0,0.074748439741857,0.06807156865465236,0.1985033849695892,0.195602826624942,0.16239980681266825
432.0,0.0,0.05842563266084528,0.10146419881272263,0.1045168190480407,0.1388145866240304,0.31244997008662506
433.0,0.0,0.07230183346763411,0.07915820647328294,0.14652277779146786,0.27766801875713143,0.15885939715917538
434.0,0.0,0.044232083160461434,0.07886373481068731,0.21668891123992334,0.0,0.232215666067006
435.0,0.0,0.04903330878891999,0.07897557815279804,0.2460208608616763,0.20365752734703724,0.4824820243404772
436.0,0.0,0.06349159603548957,0.12357285518870385,0.20541647436543342,0.27119103228493213,0.27663206793817063
437.0,0.0,0.06045098291948979,0.1107284621599803,0.23464919528022465,0.21673991435845807,0.448660701117769
438.0,0.0,0.03734531361096361,0.1022439010558146,0.12862450783723153,0.24172550765347278,0.4244793805490136
439.0,0.0,0.05514515348146042,0.08272709973754909,0.039144163471620294,0.220642839741861,0.18414822770100492
440.0,0.0,0.03786347992586293,0.08709055824762563,0.11799457994104623,0.14581230769233022,0.33430958017844004
441.0,0.0,0.036657689254926476,0.11216516906023763,0.11254406518214488,0.14446751109535577,0.4943654740851519
442.0,0.0,0.07135171416161719,0.1206893239193966,0.22818936859871303,0.2698408510613633,0.21888681119096218
443.0,0.0,0.05235152759328132,0.12811302689776852,0.16655593239404703,0.22346712106839553,0.36843010519978536
444.0,0.0,0.04973703148364579,0.08843744702464185,0.2060873789400222,0.22773037253294348,0.5720340198537762
445.0,0.0,0.03762508699044627,0.11338128738633782,0.1815946411500088,0.28806653142436534,0.6249755669581687
446.0,0.0,0.055045694574932226,0.11022217839510963,0.2665524250421429,0.1737338191102042,0.3362434666540198
447.0,0.0,0.06719157524479087,0.11398004219779169,0.1731495125623974,0.1638088782385534,0.22462668364776622
448.0,0.0,0.10438216642083448,0.13120018278414725,0.10155697895723247,0.19507552220819882,0.3934336180371885
449.0,0.0,0.06866456380825843,0.10094219161869962,0.21368864007847782,0.12206434862882395,0.1735248655917769
450.0,0.0,0.08313503156014102,0.154133303395181,0.1844655953271363,0.16678951975805897,0.12094954728161414
451.0,0.0,0.10342810176554344,0.08881719035562644,0.2069857698873055,0.18818286669952683,0.3960924236548948
452.0,0.0,0.05157693030376627,0.06719400600018288,0.15107681402985987,0.29463159629697183,0.47258818129418706
453.0,0.0,0.06271578103063921,0.07344957464231111,0.18015579049457117,0.224385524988857,0.22704757015416197
454.0,0.0,0.08048759217115173,0.14930385864679452,0.3398281498637949,0.2645807573656936,0.32530121796736655
455.0,0.0,0.027817708353490934,0.1558616403106197,0.263146985672415,0.3327092616225145,0.5160338567028058
456.0,0.0,0.05857924477544915,0.13574629987718703,0.218899839469545,0.23811629165983267,0.4449065956417551
457.0,0.0,0.05283417460615472,0.11756296656470533,0.1761863956495662,0.37872877505342734,0.37098037529724803
458.0,0.0,0.10168726379999987,0.14186084324418005,0.09061426016410869,0.1929537051837969,0.5030605389126162
459.0,0.0,0.06792315810660995,0.2007284599524514,0.24219789317548807,0.29253089352307843,0.4448814179295893
460.0,0.0,0.054583139976545535,0.21427352966702012,0.17395020195242972,0.2659036213692045,0.5313119076557311
461.0,0.0,0.10078272944019528,0.13903905927722726,0.23211250289886698,0.3985621540062275,0.5221173895812284
462.0,0.0,0.10654730271370419,0.17123077035744458,0.22001219488531648,0.25062080119156194,0.5084029647252845
463.0,0.0,0.08691430491695137,0.08388957949273021,0.3129788299135351,0.31149342055848034,0.3915261943828325
464.0,0.0,0.06420257201072115,0.13262792089339617,0.18873579799964385,0.1443710328719318,0.3294648442749278
465.0,0.0,0.10876120031400266,0.2063834990391199,0.14632654564652692,0.3222392068041721,0.45537089032606304
466.0,0.0,0.061869222834596053,0.20523740946054497,0.13668905333469944,0.28762599537875405,0.4097302134155239
467.0,0.0,0.07060760799436291,0.143451806913909,0.18793160005123719,0.1559134261196337,0.41613213483061656
468.0,0.0,0.07269153377265697,0.1728378388079325,0.2911794918293976,0.33140400937476994,0.5361668327133927
469.0,0.0,0.08775254573553248,0.17940846182802825,0.35040472418639745,0.20390778658249747,0.2782973918842466
470.0,0.0,0.05686479105534273,0.2053564404230141,0.2682979461425405,0.3505581666497222,0.3452909687789254
471.0,0.0,0.08806046848424386,0.18447466271898932,0.23216050292513069,0.13110408301982743,0.5733602117831574
472.0,0.0,0.06396450088615993,0.17453606355723114,0.22292089327352438,0.23840672141116853,0.3457500750494136
473.0,0.0,0.06657325024405653,0.13230666865233265,0.324564357956749,0.32778455234549664,0.5203239286874652
474.0,0.0,0.09593058017407584,0.1759750504917954,0.23903395763142224,0.20769370674139637,0.4851320274391877
475.0,0.0,0.06939257404655151,0.14577373924100506,0.29460837979390325,0.3966758659162824,0.5811385711462465
476.0,0.0,0.06518551375196402,0.12691952194537,0.2807896713431279,0.17638670755937844,0.6256061360771387
477.0,0.0,0.05647268626280019,0.12047719433197446,0.23994313951265805,0.43154797720586496,0.4416705818364803
478.0,0.0,0.10147044801862866,0.17717280997725424,0.294701899186009,0.26638961659309923,0.5305372050263916
479.0,0.0,0.10089219985842982,0.169485519106718,0.23618895581272242,0.2577734286596979,0.5156167252684722
480.0,0.0,0.0805701871387349,0.1570097932187656,0.23795604710069296,0.5067799897918935,0.5065793193338175
481.0,0.0,0.06091440476132953,0.1897790174870057,0.28140365035372,0.2810510520221658,0.5557269086579695
482.0,0.0,0.06639650248596615,0.256849923188982,0.19109096410021748,0.21494832866112995,0.5749432230819569
483.0,0.0,0.08642168379960694,0.1818096231616365,0.1986208050575652,0.3109748365755542,0.43556518338505856
484.0,0.0,0.1069006912385452,0.15023455862851637,0.32697100760856346,0.3401051700908043,0.5755309239027406
485.0,0.0,0.10412492227602209,0.16527365874695332,0.27167833131548635,0.41635409141232604,0.6518444977372989
486.0,0.0,0.09290261697115407,0.2005296814838154,0.3450835690383411,0.3084775637283095,0.557014450598925
487.0,0.0,0.0793518088977915,0.14492569844687803,0.22399796812583275,0.3033813939414893,0.4246908499247536
488.0,0.0,0.1046505221032394,0.17502010108822288,0.3261993085702659,0.40149220397970614,0.661872327684996
489.0,0.0,0.07676545669110972,0.18430212147118133,0.2501116061400729,0.3852639182861767,0.5881668498830952
490.0,0.0,0.08067236239340903,0.2332495205980633,0.4120258687955828,0.43414293692585587,0.5200899166156365
491.0,0.0,0.11008044462791727,0.23851516068693104,0.344961225833464,0.4781639765497327,0.5308311632524753
492.0,0.0,0.05985304517131218,0.20778591622181147,0.3396762978506066,0.2671113696908128,0.323346035476587
493.0,0.0,0.09355289072957351,0.18259019198563667,0.25309657559698767,0.4492459551986331,0.6147623031121988
494.0,0.0,0.10244207671247327,0.24215111757403632,0.32137940980919466,0.3937085104910947,0.8557755782442538
495.0,0.0,0.12641981733562926,0.26147207663328886,0.2486973655462702,0.286513646906686,0.6585580354309243
496.0,0.0,0.11277120555191475,0.1457755416067044,0.29758006395378467,0.2824891405507052,0.5479007460483387
497.0,0.0,0.10669187057843957,0.22526562540217146,0.337258527237302,0.41326799911200157,0.3803165079817742
498.0,0.0,0.06085650966524324,0.18193902971916107,0.2062033961425664,0.44895120655418735,0.6718656748649013
499.0,0.0,0.10144076553583371,0.18131870911759743,0.33614121492595617,0.5432563441418272,0.5362666347784044
500.0,0.0,0.04016863713274522,0.24522378975224302,0.22298378609368225,0.3003998506488273,0.6028703840345808
501.0,0.0,0.09284118180339396,0.20955396350542127,0.29838111835058995,0.3697075682241772,0.6530625995894946
502.0,0.0,0.09950718763043323,0.24874682862329564,0.21969860265393193,0.3159946892479875,0.5862471177740991
503.0,0.0,0.1121439564481576,0.1549510919903983,0.29979952261367815,0.4367679055823162,0.6671702402246265
504.0,0.0,0.10408567335208456,0.17647191750848087,0.2924209606411586,0.4630470377376599,0.422005533818659
505.0,0.0,0.1212716180229266,0.2174898299595236,0.3534934652609636,0.48087122105179236,0.5843037132331572
506.0,0.0,0.11224406995294262,0.1914432127797884,0.33897877525417164,0.23252501168847697,0.8766846911912847
507.0,0.0,0.09339486732040919,0.21962543329562526,0.2577666258715079,0.29308703213985887,0.6238142782786265
508.0,0.0,0.09392816288496435,0.20161921356798226,0.3009336062555645,0.19501449378785235,0.5570886973492115
509.0,0.0,0.11868731071864921,0.17604712916188595,0.2647395174180991,0.3755626330627352,0.5562648820833579
510.0,0.0,0.13063385842142186,0.2354441864078049,0.3570304786528692,0.30912894700657456,0.7025569635886325
511.0,0.0,0.1112644668794642,0.1742449700737299,0.24342652357543237,0.3785246715420183,0.5616318523664633
512.0,0.0,0.1040695656050325,0.23512477453630454,0.30425999968634254,0.4460751023453853,0.6237128866506063
513.0,0.0,0.11850139198464305,0.2480143934156471,0.28904204981999254,0.41247986147042076,0.6643498085062784
514.0,0.0,0.03980273921919483,0.21339122160523663,0.25081811285410316,0.38624646790677025,0.4275923322235966
515.0,0.0,0.11832465985101946,0.268414532611549,0.2848980955123917,0.4884439484774696,0.8244818719893785
516.0,0.0,0.10615503838962571,0.16263949174878645,0.2849550482722288,0.2851591673696332,0.29956460018990005
517.0,0.0,0.12282813372043622,0.1363210988154312,0.28738758164729605,0.5015154624688906,0.39869925901129366
518.0,0.0,0.12049349924169969,0.19519455950047468,0.27876095534054934,0.32540589348915483,0.7045960741080699
519.0,0.0,0.11228074204378992,0.21185369041498836,0.3375802304317746,0.3527716225350028,0.5681243355816645
520.0,0.0,0.11555794137878495,0.26216114987714645,0.2826906150616193,0.43733359129079435,0.6120025398239781
521.0,0.0,0.07116996063472958,0.1280149798060056,0.2665699197010403,0.6073467861376398,0.5368253776634635
522.0,0.0,0.10236497355589592,0.17185599014590291,0.23669680111244734,0.5076032730545919,0.5511730830005546
523.0,0.0,0.0966556765888742,0.20730164274911175,0.3115617353151829,0.5126649010495729,0.5941357068933745
524.0,0.0,0.10582854861100838,0.18048249943582287,0.2817603548921159,0.4910204698986268,0.4851556498359597
525.0,0.0,0.12225006520797635,0.16622385754238994,0.3480730826120929,0.529184505922466,0.718560717646425
526.0,0.0,0.08432727579868082,0.183361636908884,0.2600996713616942,0.3166007413442148,0.5353066049253735
527.0,0.0,0.07218644379101313,0.1930713058680734,0.33040470025324686,0.44108522292815383,0.6064690744483612
528.0,0.0,0.12508561113324965,0.13937624259035966,0.40686648344898696,0.45692322384660317,0.6175878826140738
529.0,0.0,0.10811318461362475,0.24316086427656652,0.2691216094870281,0.3886132687454597,0.795629486786236
530.0,0.0,0.0838553618398224,0.21854508850403928,0.36193370049500545,0.4143643608766972,0.634613734299489
531.0,0.0,0.09729017105882472,0.19115218956692512,0.32607929730198604,0.26407847214456337,0.6299909912599229
532.0,0.0,0.09515436776613206,0.13437234352827032,0.3321136395765881,0.4534363153822501,0.8262001539640856
533.0,0.0,0.0970526621721016,0.2141367564711941,0.25488549674446404,0.41260734577017427,0.6161075453785769
534.0,0.0,0.09596508620908545,0.26429634302038174,0.25976642864725896,0.2968881537985646,0.6909125147755479
535.0,0.0,0.08766196839652221,0.14752899744323655,0.34004472848385786,0.30611687403959553,0.7668920754266544
536.0,0.0,0.09790358677771265,0.2173118762923955,0.3041110441510095,0.322963583384921,0.6099474817843193
537.0,0.0,0.05452859011559902,0.1872917556585869,0.33308369486799616,0.3456337798081615,0.9513481681642717
538.0,0.0,0.054561967273671845,0.22788462694484735,0.3587785963593265,0.28973267747367104,0.6712565634711666
539.0,0.0,0.11599509346499397,0.27176820225599874,0.3746781036028594,0.4093258746924407,0.6780277093214505
540.0,0.0,0.11771651717186853,0.19423842692175908,0.2728775783471754,0.33747879012474946,0.26183852244694245
541.0,0.0,0.10331271112374035,0.15667066806208407,0.32726142042384765,0.4020014268236636,0.6409496389167207
542.0,0.0,0.08444440846638077,0.23352987526000113,0.28077030293192096,0.3277575583628627,0.8156647757597968
543.0,0.0,0.10379287521023242,0.20644767211968373,0.319917046733494,0.3263985008723201,0.8347997774544862
544.0,0.0,0.09832841670133143,0.17384052114915138,0.31425791479357235,0.4932233993165525,0.7711845259836676
545.0,0.0,0.09733818152307366,0.25106379290107195,0.20991069527687695,0.4982217040325031,0.6344582272521169
546.0,0.0,0.07414630263374802,0.2244057956449168,0.25434004400004656,0.47231730636113445,0.5263498259207989
547.0,0.0,0.14250987272508772,0.2629716981854385,0.3448537801225153,0.5250432042691013,0.6462317831822275
548.0,0.0,0.06646950628542847,0.19041826466985834,0.38211971033590303,0.2693871609746284,0.6118287898321942
549.0,0.0,0.05027786861194322,0.1477178502877007,0.3017363948655393,0.3808009960114985,0.5742583380003696
550.0,0.0,0.10648988270548969,0.20934134382595126,0.1799938773831385,0.46044294597243207,0.6837641567980979
551.0,0.0,0.11318100893472546,0.21558799982682725,0.2704395382771178,0.6021929025156525,0.6183702781255206
552.0,0.0,0.11181128120162992,0.2676447425968189,0.34830999943641033,0.3891387369083925,0.779585274005121
553.0,0.0,0.09412890007678458,0.27575118988214065,0.3161901973241904,0.32493109022539224,0.7409337660283695
554.0,0.0,0.08711216407505816,0.26454143349145415,0.32340654389262447,0.4655063405242784,0.5647580282280136
555.0,0.0,0.08117273575174211,0.2374205318050749,0.24104321112564028,0.35676263014959386,0.7378537711929032
556.0,0.0,0.07138728119322696,0.2893448132608718,0.20745717240742256,0.4209565116431962,0.7051252739758144
557.0,0.0,0.10836473839446414,0.24061117861911746,0.36322142340544145,0.4304667642743999,0.5911255468947532
558.0,0.0,0.05795260661701364,0.2019066343967953,0.28505839321800175,0.24677283566150007,0.5082163788829114
559.0,0.0,0.11749330646820971,0.1753878523609045,0.2837100929243076,0.4528260056958997,0.6798386987127941
560.0,0.0,0.08131590133337308,0.11181704081069263,0.2004675045635311,0.495948067623565,0.38121744460819035
561.0,0.0,0.09892585473185067,0.23894437425788223,0.29841919540884426,0.5056931414187679,0.5768428286299334
562.0,0.0,0.05769079488376846,0.2066357216357147,0.3130487266040083,0.46826465890946584,0.5882146595232524
563.0,0.0,0.11994511637113939,0.1284039755424486,0.3613103550715574,0.18122849165505495,0.5941716200113425
564.0,0.0,0.12008222600587962,0.2021002396521993,0.22238315497268363,0.5169997402977733,0.7962673797113955
565.0,0.0,0.07221376416557225,0.21294158950792058,0.24882881946963406,0.5797927689645487,0.5132739745260574
566.0,0.0,0.07466009259657665,0.19185464353975204,0.3494730855272482,0.4613813498019069,0.750940380041856
567.0,0.0,0.14542385325153917,0.19582559651390377,0.3430845918584736,0.3573858742230557,0.6544153216800802
568.0,0.0,0.12258419422285732,0.2300479567882993,0.34433578592028835,0.40240519777247,0.42543695001096354
569.0,0.0,0.09497230551115768,0.20222117393603775,0.3540244650052437,0.3340998181094551,0.4582776557285281
570.0,0.0,0.07172039121029633,0.1858034830261385,0.33965524676021214,0.3151034649363719,0.5244489753047153
571.0,0.0,0.09524338179386456,0.1872570340155093,0.19994591650234733,0.32818413172202876,0.39434859838206165
572.0,0.0,0.06767934014237914,0.16367101640415951,0.3178067180281734,0.4719666420299577,0.7601860076138521
573.0,0.0,0.12312242944511602,0.18027930514335008,0.26989657758097507,0.30608319325608335,0.8104164056519798
574.0,0.0,0.09207728783518193,0.16300876772839107,0.30375731019160296,0.2977502139658962,0.5623613565695311
575.0,0.0,0.10116248201755237,0.21713554036018143,0.33010820767171695,0.479643640153798,0.5649939455898312
576.0,0.0,0.07627009095937051,0.2593900975581669,0.26062004725007626,0.3233170438145017,0.3391687421057639
577.0,0.0,0.09754998590799328,0.22469996041331908,0.2672561996187251,0.3745739351673758,0.6505464358983487
578.0,0.0,0.08265554294861825,0.2636686074499619,0.34582136458725926,0.42676989710732455,0.45338345133383795
579.0,0.0,0.10465474778699271,0.22365863143433318,0.1591751714663497,0.35103123240946643,0.6782300215861264
580.0,0.0,0.09481191696210758,0.22139635265339624,0.2680670571825188,0.3645851382001361,0.5606949597437654
581.0,0.0,0.0930070777615945,0.20963426178700262,0.24701286436449216,0.32841890680356045,0.6281672194676937
582.0,0.0,0.10760259775170573,0.17353451922718768,0.3402006092081039,0.3021130072232593,0.6084418199182002
583.0,0.0,0.09152731776459261,0.18005658234822128,0.2886111990379157,0.3206771029642236,0.7225712332156377
584.0,0.0,0.10477945589475576,0.2077668303996301,0.3166013738960103,0.4818863775225135,0.9126634266663813
585.0,0.0,0.10839422046568135,0.15914998125899413,0.28107544101010234,0.3837123605010966,0.5511140505251546
586.0,0.0,0.0795484306091556,0.15951190380452188,0.26237009243267617,0.35608332401422965,0.6663237287011863
587.0,0.0,0.05756393401431683,0.20844305138143812,0.21238638960089068,0.2650653098034642,0.3839471822650485
588.0,0.0,0.06069876941472227,0.14263778853839573,0.41720702119178543,0.4330460744407296,0.5397683550044415
589.0,0.0,0.11056416485685228,0.2000342646224012,0.2252841633297294,0.39911700786022297,0.3545821376005003
590.0,0.0,0.0919669192025527,0.2835580151497728,0.22823935034022103,0.42965581645971934,0.5063293274320305
591.0,0.0,0.10816251472191035,0.16897802654256527,0.3381845307579969,0.3896206425514531,0.6943009788852192
592.0,0.0,0.07769313418509097,0.2019652457435906,0.15150715455868627,0.3259831809679319,0.4940172512993639
593.0,0.0,0.0888129817529308,0.22731810730140978,0.2527777643037089,0.23554446433353865,0.4641164363298254
594.0,0.0,0.057374690491723626,0.12967660644051443,0.18332436150371806,0.6232510774824536,0.38863624085856724
595.0,0.0,0.07473421981980553,0.20695294818842136,0.1898856745623019,0.4348119460379718,0.729292455106415
596.0,0.0,0.06610472046768134,0.18866260747737418,0.1803289761369377,0.3222874926489964,0.4936955297287167
597.0,0.0,0.09527482935837935,0.146851081182419,0.2513676393514173,0.2662808929155336,0.5828070983290942
598.0,0.0,0.09037339232149005,0.15095566139972347,0.20732603865219443,0.30951026883201876,0.6277307784359492
599.0,0.0,0.09807225439670443,0.12969738591143634,0.2988812354962843,0.3259080176090791,0.3779674218772995
600.0,0.0,0.08439469724915721,0.2295830357158599,0.16884343316652514,0.3316805090466968,0.7597428173623308
601.0,0.0,0.05137418598555309,0.14395286877032348,0.2986811060387038,0.4242336752744687,0.5505686926868799
602.0,0.0,0.0653625530363198,0.1288658521120445,0.2541016666618608,0.17539715104571427,0.5857298565085843
603.0,0.0,0.0863598043556744,0.20734392367260043,0.22721369656653342,0.34883425704460574,0.6261158227751835
604.0,0.0,0.10246583274221788,0.1474559939164861,0.3201997386365447,0.38792717627334217,0.551419284177924
605.0,0.0,0.10096378622629942,0.132245752504851,0.2706548570957033,0.3520170337034788,0.7626756156923526
606.0,0.0,0.09598841188389409,0.20040620485646496,0.26827256386921805,0.21724708089399725,0.6575215125012295
607.0,0.0,0.07986850110779899,0.20075345576562895,0.3140237419106832,0.3179688364040662,0.5013722079741378
608.0,0.0,0.07459469879477995,0.25273517350806585,0.20355907807535895,0.38808598088387386,0.43737658087069015
609.0,0.0,0.04709439093565946,0.18229158124238812,0.35778332800076984,0.35921862147894634,0.6924797159974939
610.0,0.0,0.06912776535219159,0.15555200593158175,0.28050853513283475,0.433486268972294,0.4049653954036678
611.0,0.0,0.08587295443340953,0.12441621346650614,0.19699406194648986,0.3277807990303812,0.6250197517531012
612.0,0.0,0.07354103131629777,0.11668015940278219,0.23791122940170592,0.20361585622328482,0.4415897972999188
613.0,0.0,0.037417876448114694,0.1527174005789371,0.17945769833410952,0.4206080917949329,0.3926373849974045
614.0,0.0,0.09139444891903095,0.18595835824917833,0.19399318426383239,0.4648622116022383,0.6640114446277069
615.0,0.0,0.08166034676047748,0.2593211123805673,0.2025288832008649,0.3426692350558008,0.41249036466285927
616.0,0.0,0.04719598952968306,0.1597656146034597,0.2572361967704166,0.3524365209578689,0.4634305620531519
617.0,0.0,0.07072294578384383,0.13308441931956827,0.24483291241839575,0.3681102437964295,0.4979747774913104
618.0,0.0,0.08791361676829544,0.07985501506470981,0.3480803079580553,0.22643285751813547,0.5605400222133825
619.0,0.0,0.10406213885735668,0.16068763647831696,0.29303380009927954,0.3322487938900428,0.5530208448644178
620.0,0.0,0.0651516139772716,0.17127729084209642,0.21921516749821568,0.35549067468429635,0.5004168708729259
621.0,0.0,0.06205452492161688,0.09981847841499215,0.18110051295522728,0.38577982001263655,0.6881916236201514
622.0,0.0,0.09337149053718213,0.18378291504858324,0.31255914225604375,0.41383608368118535,0.47371162320130333
623.0,0.0,0.0866040364714903,0.1460273625334115,0.13523881251099412,0.3865175635575514,0.33824574562858434
624.0,0.0,0.09330600867401324,0.13302955208764267,0.2657358853519847,0.4009327316172556,0.496690535599909
625.0,0.0,0.06958809553024979,0.08797654971758101,0.29698534749629724,0.29755082692639445,0.3943471918641279
626.0,0.0,0.06821523316280995,0.15344594856873678,0.279531881407821,0.22494325990017028,0.4766319414204108
627.0,0.0,0.06343658903411187,0.15289867263443477,0.2939886414154524,0.2923605255993076,0.4621722515593877
628.0,0.0,0.09062441951788032,0.16669870840561093,0.19024907375374955,0.3287056229377771,0.4341818840623361
629.0,0.0,0.07592539257710751,0.07770723435847476,0.1737607860735771,0.19567733281211508,0.4738568472745121
630.0,0.0,0.06706864048718673,0.11246704983113921,0.2847413845180568,0.19890747537713066,0.5068985263412472
631.0,0.0,0.09445049228501112,0.041783243600055364,0.1376128786864816,0.3421855526727842,0.6021390941910387
632.0,0.0,0.07325841785167711,0.12121514057913553,0.2565721160220678,0.41230922385357127,0.4219668880986239
633.0,0.0,0.08092669339590385,0.152469046981022,0.20153813757977426,0.3117087730200732,0.435916907953927
634.0,0.0,0.07389870777887257,0.1422908938805725,0.24945136742442842,0.17874867828813598,0.3978214207794108
635.0,0.0,0.1002124845802283,0.144819180745557,0.2960320711050191,0.3442410753239121,0.49806646589354886
636.0,0.0,0.04066639926646258,0.13346741074625454,0.27271681184142976,0.31502602490661324,0.43627132595253026
637.0,0.0,0.07463937954181725,0.20279121156943447,0.32332445354181794,0.22020488040638808,0.29622183240954864
638.0,0.0,0.06607563695967926,0.13062800963532106,0.23507639495887728,0.3310938776664494,0.3657800612197529
639.0,0.0,0.08960803146720034,0.13331575909036175,0.24730660716735994,0.34884910820487963,0.5762160504103317
640.0,0.0,0.06431484496732467,0.13881009426889843,0.2270683740613014,0.21420969081041252,0.6085070915124507
641.0,0.0,0.12017499303311235,0.11272887401920992,0.2528962992406626,0.08197513644641746,0.556033492682175
642.0,0.0,0.06883118515099035,0.20148744519756365,0.15069148976292107,0.15600216230283795,0.3799730866328207
643.0,0.0,0.08098488382931722,0.13250761002051464,0.1452280065085467,0.26346722586652893,0.5553592822575075
644.0,0.0,0.09793378084036694,0.092838238222073,0.17261212577608184,0.25418358931946233,0.30105011530184367
645.0,0.0,0.09965425986053209,0.178240414904594,0.2513082044810408,0.29422110119468153,0.6238561903012546
646.0,0.0,0.044310463065622266,0.15740046730058763,0.19239529713956197,0.30361167158020597,0.457894387843967
647.0,0.0,0.07359987037464287,0.10800592469786743,0.21031181553767386,0.19306364389210756,0.4148671257342327
648.0,0.0,0.05203774152583149,0.1607975621139813,0.15266641080230436,0.3191708084053459,0.4559582762423819
649.0,0.0,0.08788726931536978,0.11169795950515121,0.3192791629800971,0.22816233343091674,0.21917014346017874
650.0,0.0,0.047479417501397926,0.1602433590272127,0.2679493557311134,0.25471758885943774,0.47955315302070434
651.0,0.0,0.0151977396021645,0.10167904732046101,0.19673738868553373,0.3216304640349713,0.4453592546998195
652.0,0.0,0.08128642963301443,0.10947757456481871,0.2573433967568733,0.27456163036408365,0.538449784550314
653.0,0.0,0.05488380899119645,0.08121418353055382,0.20339853729329785,0.28092028674368585,0.5812006751694423
654.0,0.0,0.08969242205945692,0.08064014408844344,0.24310348900981477,0.19371084662405055,0.4771292025179682
655.0,0.0,0.06196406456392832,0.1631533834023709,0.16391523639009092,0.19924676944199632,0.3769771154912437
656.0,0.0,0.06061537955996922,0.10888833371372594,0.16974710940465743,0.3536255607520305,0.5730102395748216
657.0,0.0,0.056893954372548156,0.11376532448061791,0.25874460815336087,0.2890443171690141,0.16708456280451642
658.0,0.0,0.05558279890827213,0.14473081232558277,0.11327797992808411,0.22229178126319526,0.10512327843366259
659.0,0.0,0.05585613726692319,0.09458095787356167,0.13005233174085015,0.2966049480734179,0.29156287733235897
660.0,0.0,0.07616386894491001,0.06528819551059929,0.1566692489233923,0.24352507685949648,0.4959790031718877
661.0,0.0,0.03665536866459193,0.17072051860704776,0.29299694586541014,0.38662869422224966,0.3688397937406827
662.0,0.0,0.06834129406480431,0.07718084304045167,0.25714165180080206,0.3035773928873706,0.22045338080208798
663.0,0.0,0.05227204955009016,0.13939192046703047,0.2318688925829657,0.33729303393926047,0.46440147883839905
664.0,0.0,0.0647499046466752,0.1855387734284608,0.11004772773801183,0.2071320604681952,0.20101900456967
665.0,0.0,0.07434198324711938,0.08131419004367127,0.2456660773264998,0.18200429430892912,0.3910289852763635
666.0,0.0,0.041803454444488485,0.037874554119681436,0.2026270787499025,0.3705657072833749,0.3859762349730295
667.0,0.0,0.03858824280389746,0.15553246032067972,0.14314106204573887,0.10038074347526907,0.3087961984259081
668.0,0.0,0.06411731770539807,0.1405714066484349,0.21746532042402836,0.2674409313205338,0.31573009714890576
669.0,0.0,0.06793486266624965,0.08946081326406029,0.1579063103034391,0.06203960771795575,0.3476647227323153
670.0,0.0,0.040854164810028334,0.12775774392852496,0.24722443543566858,0.15571305655754533,0.6804813555960822
671.0,0.0,0.04016145805143623,0.10928404461126355,0.12861907849518256,0.19986601061450526,0.5370620307300185
672.0,0.0,0.03759886945256209,0.10554562972914946,0.1692102204503038,0.21294660946124494,0.11655372023111771
673.0,0.0,0.06363184109807853,0.12079020662540968,0.1572361573864717,0.20234247188784266,0.2881225977286771
674.0,0.0,0.020969738164185847,0.08012713536713201,0.16018827885115564,0.310437708529359,0.43459800763040746
675.0,0.0,0.05987056536078837,0.1641628270316559,0.0736378772005462,0.11115162255493496,0.494028985878075
676.0,0.0,0.03926766472976682,0.13179460948895197,0.18293614437466552,0.24824790161097654,0.30823756443041106
677.0,0.0,0.036607495119225966,0.0993639569933587,0.13845414665131067,0.18030820858324387,0.2867915598693262
678.0,0.0,0.05865783545879292,0.053009625946341385,0.041082864417271076,0.12848409224084312,0.24376879918350308
679.0,0.0,0.05429398362815894,0.12348254678220028,0.20373280906500685,0.23759729407880484,0.5974128186591001
680.0,0.0,0.11464269485062084,0.07904733425503821,0.16308067930716158,0.2129815246616452,0.24238122659338437
681.0,0.0,0.019468607636653156,0.11139401240745422,0.12180852558911748,0.1975619913712129,0.5466257534017009
682.0,0.0,0.0522850732908547,0.08923396562019341,0.17885076423804214,0.15964393508902314,0.2573424786550674
683.0,0.0,0.04075240275703857,0.06217894485631876,0.10899303772698257,0.30147356888341714,0.39470653900666697
684.0,0.0,0.030823817696559976,0.12040132517969447,0.23456028562516673,0.15759059784375984,0.22480678597804526
685.0,0.0,0.03784610109302818,0.09289854716949195,0.2021298977997561,0.17638494127129034,0.2603530228951868
686.0,0.0,0.00975959736058718,0.11698593125455589,0.15749830401012807,0.1608332842570765,0.11852013578276877
687.0,0.0,0.029403691861039617,0.10956108345132397,0.02545783479955642,0.1200964420521943,0.2255535396854358
688.0,0.0,0.0357653823691826,0.1109043612929484,0.1634784329467426,0.24885597106475693,0.22965049503464624
689.0,0.0,0.03456938769558146,0.14014621498441313,0.15772720315413896,0.1622824794365698,0.38961385829366596
690.0,0.0,0.05160859434017577,0.15050148776019018,0.0404042379379254,0.19209878363594501,0.12754934851777455
691.0,0.0,0.08619756683818214,0.06795966361098747,0.14171171742839928,0.15122334813900723,0.26497491339061086
692.0,0.0,0.04089473384771046,0.03901944092069958,0.17188940600779457,0.11793340051917725,0.3284124601655866
693.0,0.0,0.02400468398955193,0.15170597645088046,0.005642882285778805,0.28603303585211,0.3767792045989531
694.0,0.0,0.03999595879475405,0.09232492751068509,0.14224066215727094,0.19602385124918728,0.41808097442178066
695.0,0.0,0.059458884017659336,0.12599207025602438,0.07755468247538551,0.2325609965747935,0.13336590891394623
696.0,0.0,0.06699535653089515,0.09922640077342419,0.2187599518998305,0.1345254458138412,0.1797836652765729
697.0,0.0,0.046235747899191604,0.06989170119007464,0.07124114324521423,0.10439044356876157,0.32214149209228
698.0,0.0,0.01868083402151518,0.11095487345733485,0.15272666368681606,0.30669896029128174,0.20145859248906206
699.0,0.0,0.06930268639614023,0.08558139708595876,0.12878888470644584,0.0,0.18667082274288832
700.0,0.0,0.03462076971155383,0.08666105782213353,0.21835052288238535,0.13342832790340908,0.4370231852964469
701.0,0.0,0.06139126057655782,0.0,0.036300338193889656,0.09645254915853184,0.0
702.0,0.0,0.031841080490810844,0.0766494725092421,0.15455687431519127,0.31637333055041456,0.13385816579678655
703.0,0.0,0.015358360597837333,0.07566788719907974,0.1544847465789692,0.21577412534120494,0.2004217485408141
704.0,0.0,0.07486103957765111,0.012047880880261652,0.11405087040557244,0.23455260960132662,0.32045201735731765
705.0,0.0,0.04479599676246112,0.04696179978150723,0.09937468890100343,0.11784375412689321,0.13282281002384833
706.0,0.0,0.008072990364233444,0.042180003502327534,0.17323899003099336,0.1272214919759574,0.33728477659256606
707.0,0.0,0.030600553253301303,0.031848594422224756,0.09791093521743302,0.18266870943714336,0.3783608588066012
708.0,0.0,0.015787568727328494,0.042490249312279835,0.21886920357715778,0.14666057445710254,0.009791492035837235
709.0,0.0,0.0,0.09027212614145858,0.12177496540448095,0.1177698423996933,0.25601987459080267
710.0,0.0,0.013329876844853216,0.05946441514701941,0.09986859282429664,0.07026024958894983,0.06918513983252676
711.0,0.0,0.0,0.0,0.06831436891401552,0.12266247162055462,0.23079869687636823
712.0,0.0,0.01576312721964279,0.07163465706628042,0.05298552714815,0.1207785109699004,0.0
713.0,0.0,0.008159687183592907,0.03769738491823306,0.17302416038391927,0.0499588447270653,0.0
714.0,0.0,0.018380543438768958,0.0673005207589067,0.05500675248917655,0.08683751871471163,0.16832794663356654
715.0,0.0,0.0,0.0790761931274839,0.015435950454747938,0.11060244072610456,0.29652005891950506
716.0,0.0,0.03931454354859413,0.0,0.035394371290926555,0.015688737200061836,0.03510610672904255
717.0,0.0,0.0026637624543013744,0.0,0.1614057123429401,0.17636810636991684,0.16006357276099167
718.0,0.0,0.02086508023150465,0.13125195238015294,0.1022016825745257,0.05561819997990556,0.08932138805666223
719.0,0.0,0.014587196563153975,0.017974440953691197,0.0,0.0,0.06125707912651651
720.0,0.0,0.027934102373188323,0.012479135761865642,0.06098197893681515,0.14567748377819673,0.22462139484899163
721.0,0.0,0.012374139757599678,0.05693687481247299,0.008342178376299816,0.12157083171589425,0.1969552571525579
722.0,0.0,0.027120807184789833,0.035844174469551085,0.12801100871634813,0.0,0.1591952220056148
723.0,0.0,0.015499146096150954,0.0937306715092745,0.09810061627747386,0.0,0.0353845890181233
724.0,0.0,0.011080103968907214,0.0,0.10412685132686919,0.07193917096696506,0.2219651887691893
725.0,0.0,0.018296420739680002,0.03500116952311714,0.12423193883538557,0.059869286071390915,0.21015893750648634
726.0,0.0,0.01485394915378382,0.0,0.11065222062482519,0.17058468875301142,0.37116175708076304
727.0,0.0,0.014983582557218498,0.008905408655874553,0.08810170992459143,0.0,0.05258891273089404
728.0,0.0,0.03376549224088069,0.05968561051530073,0.04814147682449112,0.17677237549337343,0.3583393879892891
729.0,0.0,0.02928517080146005,0.05723986258028749,0.058693540317611016,0.06412754910849625,0.04626404271775185
730.0,0.0,0.02734219703060122,0.006892869248112395,0.2208338926827984,0.008268126500882655,0.32280416393140887
731.0,0.0,0.0,0.062048451616659346,0.042331598326408086,0.06959876596291857,0.04433054634858949
732.0,0.0,0.011360462453188076,0.0,0.08896971546786336,0.22322188728550113,0.06377614785851346
733.0,0.0,0.023056493806808933,0.032408131492620375,0.0737172788980957,0.12389129148111347,0.11856041492993298
734.0,0.0,0.04514829030245722,0.024355394454018284,0.061686353474321054,0.15956399147715505,0.06144618685213785
735.0,0.0,0.03176332878951428,0.005093521480192188,0.0045828539512810865,0.0,0.1866049487274215
736.0,0.0,0.0128984600144882,0.013862013439717949,0.0818380914268778,0.1793703003854028,0.23432013810529861
737.0,0.0,0.008215982788506996,0.0,0.06856421136376258,0.0,0.13264579690709236
738.0,0.0,0.01882086913794044,0.038060068922931234,0.09038251232937197,0.07664324367064643,0.27387140187255277
739.0,0.0,0.022192679997205023,0.06678549008924817,0.05923517571878879,0.05935223457817026,0.0
740.0,0.0,0.030064532474494088,0.04306409065036952,0.0,0.07170955332555144,0.10439697339103798
741.0,0.0,0.011444524059745186,0.029022064581807276,0.0,0.11603515248744042,0.07439903024525683
742.0,0.0,0.007679040915495391,0.04053324578472944,0.024753170918977975,0.0,0.09778715395415993
743.0,0.0,0.0026877901590979785,0.0,0.0,0.08362402449076252,0.0039571864434797405
744.0,0.0,0.04221086818006226,0.039017968164712306,0.16390541299440312,0.0,0.0
745.0,0.0,0.04111087605556288,0.02665205998488894,0.05971804558891044,0.20416129604259275,0.08977771537743645
746.0,0.0,0.0,0.059638038477546174,0.15047998653246042,0.004894141633786986,0.1446447116874086
747.0,0.0,0.0023677801544998676,0.037393381722939316,0.0,0.08407317488240665,0.249694875124491
748.0,0.0,0.0,0.02824736742921434,0.0,0.11304708781603225,0.0
749.0,0.0,0.022992620250912393,0.04455834058929155,0.0,0.1512627402768506,0.0
750.0,0.0,0.0019760636221575756,0.027018498405044257,0.0,0.0,0.16208611796973946
751.0,0.0,0.005403115731908636,0.06655703589524871,0.09287587326911048,0.06672599682212815,0.19863137195927688
752.0,0.0,0.025214838863181852,0.0,0.0,0.0,0.0
753.0,0.0,0.026197880705378554,0.02417508827057699,0.0,0.17548825555337758,0.10894574663306142
754.0,0.0,0.02572997009536465,0.019495794817100853,0.0,0.0,0.0
755.0,0.0,0.0,0.0,0.0,0.026726411231542777,0.0
756.0,0.0,0.0,0.0,0.08903284354014768,0.08196022069708012,0.06516807083972047
757.0,0.0,0.014184296076924924,0.016216799976196242,0.0,0.2018026214448006,0.18350155869397383
758.0,0.0,0.013562730866033055,0.049125114498114145,0.04963486908566525,0.0,0.0
759.0,0.0,0.0,0.04013688787065522,0.029579267809029412,0.04050655768402259,0.05142327657478362
760.0,0.0,0.0,0.0,0.07591350643173568,0.0940522463445454,0.1327783519058698
761.0,0.0,0.0356497207053994,0.0,0.03890089254041734,0.0,0.22813003013969219
762.0,0.0,0.02255546915052857,0.03808664369531424,0.07915414741157004,0.006003464573679493,0.14233360944766937
763.0,0.0,0.045593360320207194,0.0,0.008900879684408879,0.09987841776295832,0.07495202687043863
764.0,0.0,0.015409402882038886,0.03712931218862543,0.0004349543519302987,0.08455154688783043,0.36995979993094996
765.0,0.0,0.0015476369141526527,0.024320313047337408,0.06154146115601147,0.1297027253868188,0.2492072833987221
766.0,0.0,0.0193260868949167,0.0,0.029199359742691427,0.03672381854852482,0.34541595886960663
767.0,0.0,0.0,0.02523015278211769,0.035947013248904286,0.015095567425159521,0.02390382970760089
768.0,0.0,0.01731997237981259,0.0,0.0,0.06777600176276607,0.0
769.0,0.0,0.026881971417617934,0.0,0.0,0.0,0.13106438064407122
770.0,0.0,0.0,0.0,0.04987252331090052,0.0246668390990437,0.15955259263385815
771.0,0.0,0.0143921739415044,0.01183386459672497,0.06474071374798811,0.0888322922336531,0.00852399980363186
772.0,0.0,0.0,0.031477148894927885,0.02086447248367432,0.002392638534990714,0.0
773.0,0.0,0.004494988837356574,0.0,0.0,0.08429345463912777,0.0
774.0,0.0,0.023900392819460527,0.08947942781264337,0.0,0.05800070417738243,0.19467605438449564
775.0,0.0,0.056842198157258675,0.04373968873543661,0.04720190465832038,0.1867403709031578,0.0
776.0,0.0,0.005614300613068493,0.054474610334019645,0.0,0.0,0.15063416919937048
777.0,0.0,0.0,0.0,0.0,0.04174693785277841,0.0
778.0,0.0,0.01867926770481564,0.008546538596420256,0.0,0.0,0.0
779.0,0.0,0.023278100847165813,0.010824010513023185,0.022262011306122452,0.06281568460123685,0.0
780.0,0.0,0.0,0.03756816500360363,0.0,0.0,0.031190314478154027
781.0,0.0,0.0246259012289657,0.0,0.0381186873378473,0.06573334467035848,0.19430574789655003
782.0,0.0,0.0,0.05510737930020053,0.037572432374576935,0.02487896971927451,0.19176739183975616
783.0,0.0,0.005404718460743047,0.0,0.0,0.0,0.0
784.0,0.0,0.0,0.0019313649567001224,0.08384669607501533,0.10139417501426091,0.0
785.0,0.0,0.019756418319658776,0.004196298145076209,0.0,0.038024308478747486,0.08496302456605277
786.0,0.0,0.008582395672840592,0.013252753878992454,0.027196737620738903,0.0904334360755648,0.0
787.0,0.0,0.01808958685494992,0.0,0.0,0.0,0.0
788.0,0.0,0.006198428635074956,0.0,0.00313857759810888,0.07094457018728524,0.0
789.0,0.0,0.01422013970264627,0.04592635755213831,0.05910765295768555,0.0,0.0
790.0,0.0,0.00042276711501628046,0.014565647311119534,0.0,0.03175481075404453,0.18670521450321861
791.0,0.0,0.0,0.04603341162253351,0.0,0.07813379489688503,0.21918093821676368
792.0,0.0,0.004960091813437303,0.0038468061001983443,0.05641849892243742,0.0,0.15396325570611188
793.0,0.0,0.0,0.05445551930011249,0.0,0.0,0.011450021086761483
794.0,0.0,0.007829698715227285,0.029232597595652464,0.05283049819665536,0.03432583825124099,0.08824236355352472
795.0,0.0,0.050614869308124213,0.0,0.0,0.0,0.0
796.0,0.0,0.0,0.028594372021133647,0.0,0.10658863418552417,0.018036281048957
797.0,0.0,0.010500072049670748,0.0588722415803072,0.0,0.13000121301193576,0.039137707718142865
798.0,0.0,0.012871201958708868,0.020285404999649582,0.0,0.0,0.2957787208732547
799.0,0.0,0.030968490749552803,0.0,0.024480726699666396,0.00552425998883015,0.0
800.0,0.0,0.04874750906274632,0.0,0.0,0.01076340979283252,0.0
